date,monthly_average
2005-05-26,1.386
2005-05-27,1.371
2005-05-30,1.365
2005-05-31,1.365
2005-06-01,1.361
2005-06-02,1.347
2005-06-03,1.367
2005-06-06,1.367
2005-06-07,1.372
2005-06-08,1.361
2005-06-09,1.363
2005-06-10,1.367
2005-06-13,1.378
2005-06-14,1.385
2005-06-15,1.375
2005-06-16,1.363
2005-06-17,1.356
2005-06-20,1.363
2005-06-21,1.359
2005-06-22,1.355
2005-06-23,1.356
2005-06-24,1.35
2005-06-27,1.351
2005-06-28,1.347
2005-06-29,1.34
2005-06-30,1.331
2005-07-01,1.336
2005-07-04,1.341
2005-07-05,1.348
2005-07-06,1.35
2005-07-07,1.358
2005-07-08,1.344
2005-07-11,1.34
2005-07-12,1.327
2005-07-13,1.335
2005-07-14,1.33
2005-07-15,1.332
2005-07-18,1.334
2005-07-19,1.334
2005-07-20,1.329
2005-07-21,1.324
2005-07-22,1.34
2005-07-25,1.338
2005-07-26,1.346
2005-07-27,1.34
2005-07-28,1.328
2005-07-29,1.326
2005-08-01,1.322
2005-08-02,1.322
2005-08-03,1.313
2005-08-04,1.313
2005-08-05,1.317
2005-08-08,1.325
2005-08-09,1.327
2005-08-10,1.324
2005-08-11,1.331
2005-08-12,1.35
2005-08-15,1.346
2005-08-16,1.35
2005-08-17,1.37
2005-08-18,1.37
2005-08-19,1.382
2005-08-22,1.362
2005-08-23,1.368
2005-08-24,1.367
2005-08-25,1.368
2005-08-26,1.358
2005-08-29,1.36
2005-08-30,1.358
2005-08-31,1.345
2005-09-01,1.342
2005-09-02,1.337
2005-09-05,1.334
2005-09-06,1.332
2005-09-07,1.335
2005-09-08,1.334
2005-09-09,1.336
2005-09-12,1.339
2005-09-13,1.345
2005-09-14,1.342
2005-09-15,1.34
2005-09-16,1.343
2005-09-19,1.346
2005-09-20,1.344
2005-09-21,1.354
2005-09-22,1.342
2005-09-23,1.348
2005-09-26,1.348
2005-09-27,1.356
2005-09-28,1.349
2005-09-29,1.351
2005-09-30,1.347
2005-10-03,1.337
2005-10-04,1.352
2005-10-05,1.353
2005-10-06,1.363
2005-10-07,1.348
2005-10-10,1.351
2005-10-11,1.349
2005-10-12,1.362
2005-10-13,1.368
2005-10-14,1.37
2005-10-17,1.361
2005-10-18,1.37
2005-10-19,1.37
2005-10-20,1.368
2005-10-21,1.364
2005-10-24,1.362
2005-10-25,1.352
2005-10-26,1.356
2005-10-27,1.352
2005-10-28,1.352
2005-10-31,1.352
2005-11-01,1.352
2005-11-02,1.346
2005-11-03,1.349
2005-11-04,1.361
2005-11-07,1.36
2005-11-08,1.361
2005-11-09,1.36
2005-11-10,1.365
2005-11-11,1.362
2005-11-14,1.364
2005-11-15,1.358
2005-11-16,1.358
2005-11-17,1.352
2005-11-18,1.367
2005-11-21,1.366
2005-11-22,1.364
2005-11-23,1.358
2005-11-24,1.354
2005-11-25,1.358
2005-11-28,1.355
2005-11-29,1.357
2005-11-30,1.357
2005-12-01,1.359
2005-12-02,1.357
2005-12-05,1.355
2005-12-06,1.353
2005-12-07,1.357
2005-12-08,1.356
2005-12-09,1.358
2005-12-12,1.35
2005-12-13,1.346
2005-12-14,1.347
2005-12-15,1.349
2005-12-16,1.35
2005-12-19,1.352
2005-12-20,1.352
2005-12-21,1.352
2005-12-22,1.352
2005-12-23,1.351
2005-12-26,1.349
2005-12-27,1.352
2005-12-28,1.351
2005-12-29,1.349
2005-12-30,1.351
2006-01-02,1.351
2006-01-03,1.343
2006-01-04,1.334
2006-01-05,1.335
2006-01-06,1.329
2006-01-09,1.337
2006-01-10,1.345
2006-01-11,1.336
2006-01-12,1.339
2006-01-13,1.339
2006-01-16,1.332
2006-01-17,1.336
2006-01-18,1.338
2006-01-19,1.336
2006-01-20,1.336
2006-01-23,1.326
2006-01-24,1.324
2006-01-25,1.324
2006-01-26,1.323
2006-01-27,1.324
2006-01-30,1.327
2006-01-31,1.323
2006-02-01,1.326
2006-02-02,1.327
2006-02-03,1.328
2006-02-06,1.329
2006-02-07,1.331
2006-02-08,1.331
2006-02-09,1.331
2006-02-10,1.331
2006-02-13,1.329
2006-02-14,1.328
2006-02-15,1.335
2006-02-16,1.329
2006-02-17,1.321
2006-02-20,1.317
2006-02-21,1.319
2006-02-22,1.324
2006-02-23,1.321
2006-02-24,1.321
2006-02-27,1.315
2006-02-28,1.314
2006-03-01,1.31
2006-03-02,1.304
2006-03-03,1.307
2006-03-06,1.315
2006-03-07,1.333
2006-03-08,1.358
2006-03-09,1.351
2006-03-10,1.345
2006-03-13,1.347
2006-03-14,1.337
2006-03-15,1.335
2006-03-16,1.319
2006-03-17,1.326
2006-03-20,1.332
2006-03-21,1.345
2006-03-22,1.343
2006-03-23,1.343
2006-03-24,1.34
2006-03-27,1.352
2006-03-28,1.353
2006-03-29,1.355
2006-03-30,1.35
2006-03-31,1.345
2006-04-03,1.345
2006-04-04,1.334
2006-04-05,1.336
2006-04-06,1.337
2006-04-07,1.338
2006-04-10,1.345
2006-04-11,1.344
2006-04-12,1.345
2006-04-13,1.353
2006-04-14,1.351
2006-04-17,1.346
2006-04-18,1.337
2006-04-19,1.329
2006-04-20,1.331
2006-04-21,1.325
2006-04-24,1.325
2006-04-25,1.326
2006-04-26,1.327
2006-04-27,1.321
2006-04-28,1.323
2006-05-01,1.322
2006-05-02,1.318
2006-05-03,1.322
2006-05-04,1.319
2006-05-05,1.318
2006-05-08,1.326
2006-05-09,1.347
2006-05-10,1.354
2006-05-11,1.37
2006-05-12,1.4
2006-05-15,1.487
2006-05-16,1.451
2006-05-17,1.485
2006-05-18,1.501
2006-05-19,1.486
2006-05-22,1.54
2006-05-23,1.503
2006-05-24,1.557
2006-05-25,1.533
2006-05-26,1.531
2006-05-29,1.533
2006-05-30,1.549
2006-05-31,1.574
2006-06-01,1.542
2006-06-02,1.61
2006-06-05,1.578
2006-06-06,1.565
2006-06-07,1.518
2006-06-08,1.557
2006-06-09,1.542
2006-06-12,1.565
2006-06-13,1.586
2006-06-14,1.599
2006-06-15,1.602
2006-06-16,1.586
2006-06-19,1.601
2006-06-20,1.637
2006-06-21,1.665
2006-06-22,1.685
2006-06-23,1.711
2006-06-26,1.669
2006-06-27,1.635
2006-06-28,1.61
2006-06-29,1.588
2006-06-30,1.583
2006-07-03,1.547
2006-07-04,1.552
2006-07-05,1.598
2006-07-06,1.564
2006-07-07,1.557
2006-07-10,1.548
2006-07-11,1.555
2006-07-12,1.561
2006-07-13,1.584
2006-07-14,1.583
2006-07-17,1.589
2006-07-18,1.583
2006-07-19,1.554
2006-07-20,1.547
2006-07-21,1.552
2006-07-24,1.543
2006-07-25,1.535
2006-07-26,1.521
2006-07-27,1.497
2006-07-28,1.49
2006-07-31,1.498
2006-08-01,1.503
2006-08-02,1.495
2006-08-03,1.494
2006-08-04,1.48
2006-08-07,1.465
2006-08-08,1.463
2006-08-09,1.445
2006-08-10,1.462
2006-08-11,1.454
2006-08-14,1.467
2006-08-15,1.454
2006-08-16,1.443
2006-08-17,1.439
2006-08-18,1.454
2006-08-21,1.45
2006-08-22,1.459
2006-08-23,1.478
2006-08-24,1.494
2006-08-25,1.491
2006-08-28,1.485
2006-08-29,1.481
2006-08-30,1.463
2006-08-31,1.465
2006-09-01,1.463
2006-09-04,1.447
2006-09-05,1.449
2006-09-06,1.472
2006-09-07,1.472
2006-09-08,1.479
2006-09-11,1.487
2006-09-12,1.472
2006-09-13,1.471
2006-09-14,1.47
2006-09-15,1.47
2006-09-18,1.465
2006-09-19,1.466
2006-09-20,1.472
2006-09-21,1.51
2006-09-22,1.521
2006-09-25,1.533
2006-09-26,1.512
2006-09-27,1.495
2006-09-28,1.506
2006-09-29,1.515
2006-10-02,1.498
2006-10-03,1.516
2006-10-04,1.506
2006-10-05,1.497
2006-10-06,1.499
2006-10-09,1.499
2006-10-10,1.49
2006-10-11,1.487
2006-10-12,1.472
2006-10-13,1.471
2006-10-16,1.474
2006-10-17,1.483
2006-10-18,1.468
2006-10-19,1.459
2006-10-20,1.462
2006-10-23,1.468
2006-10-24,1.468
2006-10-25,1.46
2006-10-26,1.444
2006-10-27,1.445
2006-10-30,1.46
2006-10-31,1.457
2006-11-01,1.457
2006-11-02,1.473
2006-11-03,1.451
2006-11-06,1.445
2006-11-07,1.447
2006-11-08,1.456
2006-11-09,1.449
2006-11-10,1.449
2006-11-13,1.453
2006-11-14,1.451
2006-11-15,1.447
2006-11-16,1.443
2006-11-17,1.446
2006-11-20,1.451
2006-11-21,1.468
2006-11-22,1.476
2006-11-23,1.479
2006-11-24,1.467
2006-11-27,1.478
2006-11-28,1.472
2006-11-29,1.466
2006-11-30,1.454
2006-12-01,1.454
2006-12-04,1.45
2006-12-05,1.448
2006-12-06,1.447
2006-12-07,1.431
2006-12-08,1.432
2006-12-11,1.423
2006-12-12,1.429
2006-12-13,1.422
2006-12-14,1.421
2006-12-15,1.427
2006-12-18,1.433
2006-12-19,1.433
2006-12-20,1.428
2006-12-21,1.428
2006-12-22,1.429
2006-12-25,1.426
2006-12-26,1.426
2006-12-27,1.424
2006-12-28,1.415
2006-12-29,1.416
2007-01-01,1.416
2007-01-02,1.408
2007-01-03,1.41
2007-01-04,1.421
2007-01-05,1.445
2007-01-08,1.436
2007-01-09,1.451
2007-01-10,1.445
2007-01-11,1.435
2007-01-12,1.431
2007-01-15,1.426
2007-01-16,1.433
2007-01-17,1.426
2007-01-18,1.42
2007-01-19,1.416
2007-01-22,1.416
2007-01-23,1.413
2007-01-24,1.414
2007-01-25,1.428
2007-01-26,1.434
2007-01-29,1.431
2007-01-30,1.422
2007-01-31,1.407
2007-02-01,1.405
2007-02-02,1.405
2007-02-05,1.401
2007-02-06,1.401
2007-02-07,1.404
2007-02-08,1.403
2007-02-09,1.405
2007-02-12,1.412
2007-02-13,1.401
2007-02-14,1.389
2007-02-15,1.394
2007-02-16,1.387
2007-02-19,1.382
2007-02-20,1.385
2007-02-21,1.383
2007-02-22,1.382
2007-02-23,1.383
2007-02-26,1.386
2007-02-27,1.42
2007-02-28,1.413
2007-03-01,1.426
2007-03-02,1.434
2007-03-05,1.449
2007-03-06,1.433
2007-03-07,1.429
2007-03-08,1.423
2007-03-09,1.408
2007-03-12,1.405
2007-03-13,1.425
2007-03-14,1.422
2007-03-15,1.404
2007-03-16,1.409
2007-03-19,1.398
2007-03-20,1.399
2007-03-21,1.388
2007-03-22,1.385
2007-03-23,1.386
2007-03-26,1.389
2007-03-27,1.39
2007-03-28,1.395
2007-03-29,1.393
2007-03-30,1.392
2007-04-02,1.39
2007-04-03,1.371
2007-04-04,1.373
2007-04-05,1.365
2007-04-06,1.369
2007-04-09,1.372
2007-04-10,1.372
2007-04-11,1.373
2007-04-12,1.375
2007-04-13,1.372
2007-04-16,1.357
2007-04-17,1.351
2007-04-18,1.352
2007-04-19,1.352
2007-04-20,1.342
2007-04-23,1.342
2007-04-24,1.339
2007-04-25,1.328
2007-04-26,1.333
2007-04-27,1.332
2007-04-30,1.365
2007-05-01,1.356
2007-05-02,1.356
2007-05-03,1.355
2007-05-04,1.35
2007-05-07,1.337
2007-05-08,1.336
2007-05-09,1.334
2007-05-10,1.351
2007-05-11,1.338
2007-05-14,1.331
2007-05-15,1.322
2007-05-16,1.326
2007-05-17,1.326
2007-05-18,1.326
2007-05-21,1.322
2007-05-22,1.329
2007-05-23,1.329
2007-05-24,1.339
2007-05-25,1.332
2007-05-28,1.323
2007-05-29,1.329
2007-05-30,1.327
2007-05-31,1.318
2007-06-01,1.311
2007-06-04,1.314
2007-06-05,1.316
2007-06-06,1.325
2007-06-07,1.337
2007-06-08,1.347
2007-06-11,1.335
2007-06-12,1.337
2007-06-13,1.334
2007-06-14,1.324
2007-06-15,1.309
2007-06-18,1.301
2007-06-19,1.303
2007-06-20,1.303
2007-06-21,1.31
2007-06-22,1.313
2007-06-25,1.317
2007-06-26,1.321
2007-06-27,1.324
2007-06-28,1.314
2007-06-29,1.313
2007-07-02,1.295
2007-07-03,1.294
2007-07-04,1.291
2007-07-05,1.298
2007-07-06,1.289
2007-07-09,1.283
2007-07-10,1.291
2007-07-11,1.287
2007-07-12,1.27
2007-07-13,1.271
2007-07-16,1.27
2007-07-17,1.273
2007-07-18,1.275
2007-07-19,1.264
2007-07-20,1.27
2007-07-23,1.247
2007-07-24,1.256
2007-07-25,1.25
2007-07-26,1.299
2007-07-27,1.301
2007-07-30,1.293
2007-07-31,1.284
2007-08-01,1.289
2007-08-02,1.277
2007-08-03,1.276
2007-08-06,1.272
2007-08-07,1.271
2007-08-08,1.255
2007-08-09,1.304
2007-08-10,1.294
2007-08-13,1.287
2007-08-14,1.329
2007-08-15,1.362
2007-08-16,1.405
2007-08-17,1.349
2007-08-20,1.367
2007-08-21,1.362
2007-08-22,1.329
2007-08-23,1.328
2007-08-24,1.316
2007-08-27,1.321
2007-08-28,1.34
2007-08-29,1.313
2007-08-30,1.313
2007-08-31,1.3
2007-09-03,1.3
2007-09-04,1.296
2007-09-05,1.306
2007-09-06,1.296
2007-09-07,1.309
2007-09-10,1.299
2007-09-11,1.28
2007-09-12,1.274
2007-09-13,1.264
2007-09-14,1.262
2007-09-17,1.271
2007-09-18,1.239
2007-09-19,1.235
2007-09-20,1.242
2007-09-21,1.227
2007-09-24,1.228
2007-09-25,1.23
2007-09-26,1.221
2007-09-27,1.216
2007-09-28,1.207
2007-10-01,1.201
2007-10-02,1.21
2007-10-03,1.208
2007-10-04,1.2
2007-10-05,1.181
2007-10-08,1.188
2007-10-09,1.183
2007-10-10,1.187
2007-10-11,1.191
2007-10-12,1.195
2007-10-15,1.221
2007-10-16,1.222
2007-10-17,1.212
2007-10-18,1.199
2007-10-19,1.217
2007-10-22,1.228
2007-10-23,1.21
2007-10-24,1.212
2007-10-25,1.193
2007-10-26,1.19
2007-10-29,1.188
2007-10-30,1.191
2007-10-31,1.165
2007-11-01,1.181
2007-11-02,1.183
2007-11-05,1.189
2007-11-06,1.173
2007-11-07,1.189
2007-11-08,1.183
2007-11-09,1.202
2007-11-12,1.217
2007-11-13,1.187
2007-11-14,1.177
2007-11-15,1.192
2007-11-16,1.187
2007-11-19,1.2
2007-11-20,1.191
2007-11-21,1.208
2007-11-22,1.198
2007-11-23,1.2
2007-11-26,1.222
2007-11-27,1.218
2007-11-28,1.186
2007-11-29,1.185
2007-11-30,1.184
2007-12-03,1.185
2007-12-04,1.186
2007-12-05,1.179
2007-12-06,1.175
2007-12-07,1.173
2007-12-10,1.166
2007-12-11,1.182
2007-12-12,1.171
2007-12-13,1.175
2007-12-14,1.187
2007-12-17,1.194
2007-12-18,1.188
2007-12-19,1.192
2007-12-20,1.193
2007-12-21,1.188
2007-12-24,1.185
2007-12-25,1.182
2007-12-26,1.179
2007-12-27,1.176
2007-12-28,1.171
2007-12-31,1.168
2008-01-01,1.172
2008-01-02,1.171
2008-01-03,1.169
2008-01-04,1.173
2008-01-07,1.169
2008-01-08,1.165
2008-01-09,1.16
2008-01-10,1.15
2008-01-11,1.153
2008-01-14,1.151
2008-01-15,1.156
2008-01-16,1.182
2008-01-17,1.186
2008-01-18,1.188
2008-01-21,1.222
2008-01-22,1.198
2008-01-23,1.21
2008-01-24,1.18
2008-01-25,1.19
2008-01-28,1.185
2008-01-29,1.177
2008-01-30,1.17
2008-01-31,1.172
2008-02-01,1.171
2008-02-04,1.166
2008-02-05,1.187
2008-02-06,1.188
2008-02-07,1.203
2008-02-08,1.221
2008-02-11,1.224
2008-02-12,1.213
2008-02-13,1.2
2008-02-14,1.202
2008-02-15,1.199
2008-02-18,1.191
2008-02-19,1.197
2008-02-20,1.207
2008-02-21,1.208
2008-02-22,1.203
2008-02-25,1.197
2008-02-26,1.186
2008-02-27,1.178
2008-02-28,1.183
2008-02-29,1.221
2008-03-03,1.216
2008-03-04,1.221
2008-03-05,1.21
2008-03-06,1.253
2008-03-07,1.251
2008-03-10,1.26
2008-03-11,1.219
2008-03-12,1.226
2008-03-13,1.223
2008-03-14,1.24
2008-03-17,1.261
2008-03-18,1.217
2008-03-19,1.244
2008-03-20,1.247
2008-03-21,1.252
2008-03-24,1.243
2008-03-25,1.258
2008-03-26,1.278
2008-03-27,1.279
2008-03-28,1.299
2008-03-31,1.335
2008-04-01,1.305
2008-04-02,1.292
2008-04-03,1.301
2008-04-04,1.293
2008-04-07,1.285
2008-04-08,1.292
2008-04-09,1.305
2008-04-10,1.304
2008-04-11,1.307
2008-04-14,1.314
2008-04-15,1.319
2008-04-16,1.321
2008-04-17,1.327
2008-04-18,1.318
2008-04-21,1.314
2008-04-22,1.307
2008-04-23,1.294
2008-04-24,1.288
2008-04-25,1.283
2008-04-28,1.277
2008-04-29,1.292
2008-04-30,1.275
2008-05-01,1.277
2008-05-02,1.263
2008-05-05,1.264
2008-05-06,1.254
2008-05-07,1.26
2008-05-08,1.264
2008-05-09,1.266
2008-05-12,1.255
2008-05-13,1.247
2008-05-14,1.253
2008-05-15,1.238
2008-05-16,1.23
2008-05-19,1.232
2008-05-20,1.24
2008-05-21,1.252
2008-05-22,1.247
2008-05-23,1.248
2008-05-26,1.246
2008-05-27,1.238
2008-05-28,1.228
2008-05-29,1.207
2008-05-30,1.219
2008-06-02,1.23
2008-06-03,1.236
2008-06-04,1.238
2008-06-05,1.241
2008-06-06,1.246
2008-06-09,1.241
2008-06-10,1.259
2008-06-11,1.263
2008-06-12,1.255
2008-06-13,1.254
2008-06-16,1.246
2008-06-17,1.228
2008-06-18,1.228
2008-06-19,1.223
2008-06-20,1.225
2008-06-23,1.233
2008-06-24,1.228
2008-06-25,1.215
2008-06-26,1.224
2008-06-27,1.228
2008-06-30,1.224
2008-07-01,1.242
2008-07-02,1.242
2008-07-03,1.24
2008-07-04,1.234
2008-07-07,1.231
2008-07-08,1.224
2008-07-09,1.225
2008-07-10,1.222
2008-07-11,1.222
2008-07-14,1.218
2008-07-15,1.217
2008-07-16,1.208
2008-07-17,1.199
2008-07-18,1.19
2008-07-21,1.194
2008-07-22,1.197
2008-07-23,1.205
2008-07-24,1.209
2008-07-25,1.208
2008-07-28,1.207
2008-07-29,1.19
2008-07-30,1.165
2008-07-31,1.162
2008-08-01,1.157
2008-08-04,1.153
2008-08-05,1.156
2008-08-06,1.165
2008-08-07,1.178
2008-08-08,1.188
2008-08-11,1.188
2008-08-12,1.181
2008-08-13,1.185
2008-08-14,1.184
2008-08-15,1.188
2008-08-18,1.187
2008-08-19,1.19
2008-08-20,1.193
2008-08-21,1.189
2008-08-22,1.186
2008-08-25,1.188
2008-08-26,1.191
2008-08-27,1.189
2008-08-28,1.187
2008-08-29,1.185
2008-09-01,1.187
2008-09-02,1.197
2008-09-03,1.216
2008-09-04,1.245
2008-09-05,1.238
2008-09-08,1.233
2008-09-09,1.229
2008-09-10,1.243
2008-09-11,1.25
2008-09-12,1.238
2008-09-15,1.26
2008-09-16,1.263
2008-09-17,1.286
2008-09-18,1.272
2008-09-19,1.246
2008-09-22,1.235
2008-09-23,1.242
2008-09-24,1.243
2008-09-25,1.229
2008-09-26,1.228
2008-09-29,1.274
2008-09-30,1.267
2008-10-01,1.269
2008-10-02,1.314
2008-10-03,1.306
2008-10-06,1.374
2008-10-07,1.383
2008-10-08,1.41
2008-10-09,1.442
2008-10-10,1.422
2008-10-13,1.382
2008-10-14,1.384
2008-10-15,1.487
2008-10-16,1.49
2008-10-17,1.502
2008-10-20,1.511
2008-10-21,1.584
2008-10-22,1.71
2008-10-23,1.65
2008-10-24,1.697
2008-10-27,1.632
2008-10-28,1.563
2008-10-29,1.495
2008-10-30,1.522
2008-10-31,1.585
2008-11-03,1.551
2008-11-04,1.481
2008-11-05,1.533
2008-11-06,1.558
2008-11-07,1.531
2008-11-10,1.538
2008-11-11,1.603
2008-11-12,1.651
2008-11-13,1.629
2008-11-14,1.604
2008-11-17,1.633
2008-11-18,1.659
2008-11-19,1.738
2008-11-20,1.732
2008-11-21,1.662
2008-11-24,1.583
2008-11-25,1.569
2008-11-26,1.575
2008-11-27,1.568
2008-11-28,1.584
2008-12-01,1.596
2008-12-02,1.573
2008-12-03,1.557
2008-12-04,1.554
2008-12-05,1.593
2008-12-08,1.553
2008-12-09,1.554
2008-12-10,1.548
2008-12-11,1.54
2008-12-12,1.578
2008-12-15,1.554
2008-12-16,1.546
2008-12-17,1.53
2008-12-18,1.515
2008-12-19,1.538
2008-12-22,1.543
2008-12-23,1.508
2008-12-24,1.53
2008-12-25,1.512
2008-12-26,1.52
2008-12-29,1.534
2008-12-30,1.538
2008-12-31,1.552
2009-01-01,1.54
2009-01-02,1.534
2009-01-05,1.541
2009-01-06,1.524
2009-01-07,1.564
2009-01-08,1.57
2009-01-09,1.541
2009-01-12,1.61
2009-01-13,1.607
2009-01-14,1.635
2009-01-15,1.618
2009-01-16,1.645
2009-01-19,1.652
2009-01-20,1.685
2009-01-21,1.66
2009-01-22,1.667
2009-01-23,1.693
2009-01-26,1.641
2009-01-27,1.637
2009-01-28,1.628
2009-01-29,1.649
2009-01-30,1.624
2009-02-02,1.66
2009-02-03,1.645
2009-02-04,1.648
2009-02-05,1.63
2009-02-06,1.617
2009-02-09,1.617
2009-02-10,1.652
2009-02-11,1.647
2009-02-12,1.669
2009-02-13,1.642
2009-02-16,1.676
2009-02-17,1.716
2009-02-18,1.709
2009-02-19,1.7
2009-02-20,1.698
2009-02-23,1.707
2009-02-24,1.692
2009-02-25,1.703
2009-02-26,1.694
2009-02-27,1.717
2009-03-02,1.74
2009-03-03,1.746
2009-03-04,1.73
2009-03-05,1.792
2009-03-06,1.801
2009-03-09,1.817
2009-03-10,1.762
2009-03-11,1.727
2009-03-12,1.697
2009-03-13,1.719
2009-03-16,1.703
2009-03-17,1.704
2009-03-18,1.692
2009-03-19,1.718
2009-03-20,1.677
2009-03-23,1.666
2009-03-24,1.663
2009-03-25,1.667
2009-03-26,1.667
2009-03-27,1.686
2009-03-30,1.687
2009-03-31,1.678
2009-04-01,1.624
2009-04-02,1.599
2009-04-03,1.581
2009-04-06,1.594
2009-04-07,1.613
2009-04-08,1.594
2009-04-09,1.578
2009-04-10,1.569
2009-04-13,1.574
2009-04-14,1.601
2009-04-15,1.613
2009-04-16,1.608
2009-04-17,1.622
2009-04-20,1.662
2009-04-21,1.645
2009-04-22,1.649
2009-04-23,1.648
2009-04-24,1.606
2009-04-27,1.618
2009-04-28,1.609
2009-04-29,1.586
2009-04-30,1.593
2009-05-01,1.597
2009-05-04,1.557
2009-05-05,1.563
2009-05-06,1.553
2009-05-07,1.562
2009-05-08,1.533
2009-05-11,1.554
2009-05-12,1.549
2009-05-13,1.575
2009-05-14,1.555
2009-05-15,1.572
2009-05-18,1.534
2009-05-19,1.523
2009-05-20,1.524
2009-05-21,1.536
2009-05-22,1.536
2009-05-25,1.534
2009-05-26,1.542
2009-05-27,1.556
2009-05-28,1.557
2009-05-29,1.519
2009-06-01,1.516
2009-06-02,1.521
2009-06-03,1.546
2009-06-04,1.536
2009-06-05,1.544
2009-06-08,1.556
2009-06-09,1.546
2009-06-10,1.547
2009-06-11,1.53
2009-06-12,1.541
2009-06-15,1.548
2009-06-16,1.552
2009-06-17,1.558
2009-06-18,1.551
2009-06-19,1.55
2009-06-22,1.576
2009-06-23,1.566
2009-06-24,1.555
2009-06-25,1.548
2009-06-26,1.532
2009-06-29,1.538
2009-06-30,1.538
2009-07-01,1.522
2009-07-02,1.536
2009-07-03,1.535
2009-07-06,1.54
2009-07-07,1.548
2009-07-08,1.558
2009-07-09,1.538
2009-07-10,1.546
2009-07-13,1.54
2009-07-14,1.542
2009-07-15,1.523
2009-07-16,1.521
2009-07-17,1.52
2009-07-20,1.501
2009-07-21,1.501
2009-07-22,1.485
2009-07-23,1.482
2009-07-24,1.474
2009-07-27,1.473
2009-07-28,1.475
2009-07-29,1.493
2009-07-30,1.472
2009-07-31,1.466
2009-08-03,1.449
2009-08-04,1.456
2009-08-05,1.46
2009-08-06,1.475
2009-08-07,1.458
2009-08-10,1.479
2009-08-11,1.501
2009-08-12,1.493
2009-08-13,1.478
2009-08-14,1.491
2009-08-17,1.507
2009-08-18,1.495
2009-08-19,1.498
2009-08-20,1.491
2009-08-21,1.485
2009-08-24,1.498
2009-08-25,1.492
2009-08-26,1.507
2009-08-27,1.498
2009-08-28,1.499
2009-08-31,1.5
2009-09-01,1.519
2009-09-02,1.511
2009-09-03,1.506
2009-09-04,1.491
2009-09-07,1.489
2009-09-08,1.486
2009-09-09,1.498
2009-09-10,1.498
2009-09-11,1.493
2009-09-14,1.494
2009-09-15,1.475
2009-09-16,1.47
2009-09-17,1.471
2009-09-18,1.481
2009-09-21,1.49
2009-09-22,1.477
2009-09-23,1.483
2009-09-24,1.488
2009-09-25,1.487
2009-09-28,1.492
2009-09-29,1.493
2009-09-30,1.484
2009-10-01,1.501
2009-10-02,1.493
2009-10-05,1.481
2009-10-06,1.468
2009-10-07,1.471
2009-10-08,1.461
2009-10-09,1.466
2009-10-12,1.457
2009-10-13,1.456
2009-10-14,1.443
2009-10-15,1.444
2009-10-16,1.461
2009-10-19,1.452
2009-10-20,1.466
2009-10-21,1.466
2009-10-22,1.464
2009-10-23,1.472
2009-10-26,1.489
2009-10-27,1.494
2009-10-28,1.509
2009-10-29,1.489
2009-10-30,1.506
2009-11-02,1.503
2009-11-03,1.503
2009-11-04,1.492
2009-11-05,1.486
2009-11-06,1.485
2009-11-09,1.474
2009-11-10,1.477
2009-11-11,1.475
2009-11-12,1.484
2009-11-13,1.478
2009-11-16,1.476
2009-11-17,1.481
2009-11-18,1.48
2009-11-19,1.492
2009-11-20,1.499
2009-11-23,1.498
2009-11-24,1.497
2009-11-25,1.49
2009-11-26,1.534
2009-11-27,1.525
2009-11-30,1.529
2009-12-01,1.502
2009-12-02,1.5
2009-12-03,1.486
2009-12-04,1.493
2009-12-07,1.487
2009-12-08,1.509
2009-12-09,1.507
2009-12-10,1.5
2009-12-11,1.508
2009-12-14,1.501
2009-12-15,1.512
2009-12-16,1.508
2009-12-17,1.521
2009-12-18,1.521
2009-12-21,1.526
2009-12-22,1.526
2009-12-23,1.52
2009-12-24,1.515
2009-12-25,1.515
2009-12-28,1.512
2009-12-29,1.51
2009-12-30,1.51
2009-12-31,1.5
2010-01-01,1.5
2010-01-04,1.474
2010-01-05,1.474
2010-01-06,1.473
2010-01-07,1.473
2010-01-08,1.459
2010-01-11,1.451
2010-01-12,1.455
2010-01-13,1.453
2010-01-14,1.457
2010-01-15,1.457
2010-01-18,1.452
2010-01-19,1.457
2010-01-20,1.475
2010-01-21,1.487
2010-01-22,1.49
2010-01-25,1.487
2010-01-26,1.49
2010-01-27,1.5
2010-01-28,1.498
2010-01-29,1.498
2010-02-01,1.483
2010-02-02,1.487
2010-02-03,1.494
2010-02-04,1.521
2010-02-05,1.529
2010-02-08,1.521
2010-02-09,1.508
2010-02-10,1.516
2010-02-11,1.512
2010-02-12,1.516
2010-02-15,1.517
2010-02-16,1.506
2010-02-17,1.512
2010-02-18,1.526
2010-02-19,1.513
2010-02-22,1.53
2010-02-23,1.552
2010-02-24,1.548
2010-02-25,1.548
2010-02-26,1.548
2010-03-01,1.536
2010-03-02,1.534
2010-03-03,1.538
2010-03-04,1.552
2010-03-05,1.538
2010-03-08,1.532
2010-03-09,1.534
2010-03-10,1.533
2010-03-11,1.533
2010-03-12,1.528
2010-03-15,1.528
2010-03-16,1.521
2010-03-17,1.513
2010-03-18,1.527
2010-03-19,1.536
2010-03-22,1.539
2010-03-23,1.54
2010-03-24,1.549
2010-03-25,1.543
2010-03-26,1.539
2010-03-29,1.529
2010-03-30,1.531
2010-03-31,1.517
2010-04-01,1.517
2010-04-02,1.515
2010-04-05,1.509
2010-04-06,1.505
2010-04-07,1.499
2010-04-08,1.498
2010-04-09,1.489
2010-04-12,1.488
2010-04-13,1.486
2010-04-14,1.475
2010-04-15,1.471
2010-04-16,1.483
2010-04-19,1.491
2010-04-20,1.487
2010-04-21,1.483
2010-04-22,1.489
2010-04-23,1.483
2010-04-26,1.473
2010-04-27,1.506
2010-04-28,1.497
2010-04-29,1.484
2010-04-30,1.49
2010-05-03,1.492
2010-05-04,1.524
2010-05-05,1.538
2010-05-06,1.592
2010-05-07,1.561
2010-05-10,1.531
2010-05-11,1.535
2010-05-12,1.525
2010-05-13,1.523
2010-05-14,1.545
2010-05-17,1.543
2010-05-18,1.564
2010-05-19,1.576
2010-05-20,1.598
2010-05-21,1.578
2010-05-24,1.578
2010-05-25,1.58
2010-05-26,1.589
2010-05-27,1.56
2010-05-28,1.567
2010-05-31,1.572
2010-06-01,1.585
2010-06-02,1.579
2010-06-03,1.586
2010-06-04,1.608
2010-06-07,1.613
2010-06-08,1.602
2010-06-09,1.602
2010-06-10,1.58
2010-06-11,1.579
2010-06-14,1.577
2010-06-15,1.564
2010-06-16,1.563
2010-06-17,1.562
2010-06-18,1.555
2010-06-21,1.558
2010-06-22,1.567
2010-06-23,1.571
2010-06-24,1.578
2010-06-25,1.574
2010-06-28,1.575
2010-06-29,1.591
2010-06-30,1.584
2010-07-01,1.578
2010-07-02,1.565
2010-07-05,1.565
2010-07-06,1.555
2010-07-07,1.553
2010-07-08,1.551
2010-07-09,1.553
2010-07-12,1.555
2010-07-13,1.544
2010-07-14,1.541
2010-07-15,1.534
2010-07-16,1.54
2010-07-19,1.539
2010-07-20,1.531
2010-07-21,1.534
2010-07-22,1.519
2010-07-23,1.522
2010-07-26,1.514
2010-07-27,1.51
2010-07-28,1.513
2010-07-29,1.512
2010-07-30,1.507
2010-08-02,1.494
2010-08-03,1.493
2010-08-04,1.5
2010-08-05,1.503
2010-08-06,1.49
2010-08-09,1.492
2010-08-10,1.499
2010-08-11,1.526
2010-08-12,1.521
2010-08-13,1.518
2010-08-16,1.511
2010-08-17,1.498
2010-08-18,1.501
2010-08-19,1.511
2010-08-20,1.516
2010-08-23,1.53
2010-08-24,1.534
2010-08-25,1.528
2010-08-26,1.524
2010-08-27,1.517
2010-08-30,1.526
2010-08-31,1.527
2010-09-01,1.517
2010-09-02,1.511
2010-09-03,1.5
2010-09-06,1.504
2010-09-07,1.517
2010-09-08,1.516
2010-09-09,1.512
2010-09-10,1.51
2010-09-13,1.496
2010-09-14,1.492
2010-09-15,1.49
2010-09-16,1.497
2010-09-17,1.494
2010-09-20,1.491
2010-09-21,1.488
2010-09-22,1.486
2010-09-23,1.487
2010-09-24,1.476
2010-09-27,1.472
2010-09-28,1.464
2010-09-29,1.453
2010-09-30,1.448
2010-10-01,1.444
2010-10-04,1.456
2010-10-05,1.428
2010-10-06,1.418
2010-10-07,1.427
2010-10-08,1.416
2010-10-11,1.417
2010-10-12,1.413
2010-10-13,1.406
2010-10-14,1.41
2010-10-15,1.414
2010-10-18,1.416
2010-10-19,1.441
2010-10-20,1.424
2010-10-21,1.428
2010-10-22,1.425
2010-10-25,1.419
2010-10-26,1.428
2010-10-27,1.442
2010-10-28,1.43
2010-10-29,1.433
2010-11-01,1.426
2010-11-02,1.412
2010-11-03,1.404
2010-11-04,1.395
2010-11-05,1.397
2010-11-08,1.412
2010-11-09,1.416
2010-11-10,1.417
2010-11-11,1.436
2010-11-12,1.44
2010-11-15,1.447
2010-11-16,1.464
2010-11-17,1.454
2010-11-18,1.444
2010-11-19,1.442
2010-11-22,1.454
2010-11-23,1.483
2010-11-24,1.478
2010-11-25,1.472
2010-11-26,1.487
2010-11-29,1.505
2010-11-30,1.505
2010-12-01,1.49
2010-12-02,1.482
2010-12-03,1.476
2010-12-06,1.482
2010-12-07,1.484
2010-12-08,1.493
2010-12-09,1.511
2010-12-10,1.505
2010-12-13,1.506
2010-12-14,1.512
2010-12-15,1.526
2010-12-16,1.523
2010-12-17,1.546
2010-12-20,1.559
2010-12-21,1.557
2010-12-22,1.551
2010-12-23,1.546
2010-12-24,1.547
2010-12-27,1.544
2010-12-28,1.562
2010-12-29,1.552
2010-12-30,1.555
2010-12-31,1.544
2011-01-03,1.557
2011-01-04,1.541
2011-01-05,1.546
2011-01-06,1.554
2011-01-07,1.575
2011-01-10,1.577
2011-01-11,1.578
2011-01-12,1.561
2011-01-13,1.549
2011-01-14,1.553
2011-01-17,1.542
2011-01-18,1.54
2011-01-19,1.549
2011-01-20,1.583
2011-01-21,1.573
2011-01-24,1.563
2011-01-25,1.568
2011-01-26,1.577
2011-01-27,1.58
2011-01-28,1.615
2011-01-31,1.606
2011-02-01,1.578
2011-02-02,1.578
2011-02-03,1.595
2011-02-04,1.585
2011-02-07,1.577
2011-02-08,1.575
2011-02-09,1.591
2011-02-10,1.593
2011-02-11,1.588
2011-02-14,1.596
2011-02-15,1.596
2011-02-16,1.584
2011-02-17,1.575
2011-02-18,1.578
2011-02-21,1.591
2011-02-22,1.599
2011-02-23,1.609
2011-02-24,1.603
2011-02-25,1.599
2011-02-28,1.599
2011-03-01,1.616
2011-03-02,1.618
2011-03-03,1.598
2011-03-04,1.598
2011-03-07,1.599
2011-03-08,1.59
2011-03-09,1.581
2011-03-10,1.583
2011-03-11,1.583
2011-03-14,1.569
2011-03-15,1.581
2011-03-16,1.593
2011-03-17,1.588
2011-03-18,1.579
2011-03-21,1.576
2011-03-22,1.564
2011-03-23,1.557
2011-03-24,1.55
2011-03-25,1.556
2011-03-28,1.561
2011-03-29,1.556
2011-03-30,1.552
2011-03-31,1.546
2011-04-01,1.53
2011-04-04,1.532
2011-04-05,1.529
2011-04-06,1.514
2011-04-07,1.511
2011-04-08,1.511
2011-04-11,1.516
2011-04-12,1.524
2011-04-13,1.522
2011-04-14,1.518
2011-04-15,1.513
2011-04-18,1.541
2011-04-19,1.528
2011-04-20,1.519
2011-04-21,1.52
2011-04-22,1.518
2011-04-25,1.528
2011-04-26,1.521
2011-04-27,1.518
2011-04-28,1.525
2011-04-29,1.521
2011-05-02,1.522
2011-05-03,1.534
2011-05-04,1.548
2011-05-05,1.55
2011-05-06,1.546
2011-05-09,1.547
2011-05-10,1.559
2011-05-11,1.586
2011-05-12,1.578
2011-05-13,1.597
2011-05-16,1.591
2011-05-17,1.586
2011-05-18,1.573
2011-05-19,1.575
2011-05-20,1.586
2011-05-23,1.606
2011-05-24,1.599
2011-05-25,1.606
2011-05-26,1.603
2011-05-27,1.605
2011-05-30,1.601
2011-05-31,1.593
2011-06-01,1.599
2011-06-02,1.583
2011-06-03,1.574
2011-06-06,1.588
2011-06-07,1.58
2011-06-08,1.582
2011-06-09,1.573
2011-06-10,1.576
2011-06-13,1.575
2011-06-14,1.586
2011-06-15,1.608
2011-06-16,1.61
2011-06-17,1.596
2011-06-20,1.6
2011-06-21,1.613
2011-06-22,1.62
2011-06-23,1.63
2011-06-24,1.636
2011-06-27,1.636
2011-06-28,1.643
2011-06-29,1.621
2011-06-30,1.624
2011-07-01,1.608
2011-07-04,1.617
2011-07-05,1.627
2011-07-06,1.632
2011-07-07,1.618
2011-07-08,1.628
2011-07-11,1.647
2011-07-12,1.651
2011-07-13,1.644
2011-07-14,1.645
2011-07-15,1.651
2011-07-18,1.66
2011-07-19,1.658
2011-07-20,1.662
2011-07-21,1.666
2011-07-22,1.697
2011-07-25,1.717
2011-07-26,1.698
2011-07-27,1.691
2011-07-28,1.676
2011-07-29,1.689
2011-08-01,1.692
2011-08-02,1.715
2011-08-03,1.696
2011-08-04,1.746
2011-08-05,1.745
2011-08-08,1.782
2011-08-09,1.754
2011-08-10,1.777
2011-08-11,1.781
2011-08-12,1.779
2011-08-15,1.766
2011-08-16,1.777
2011-08-17,1.77
2011-08-18,1.786
2011-08-19,1.788
2011-08-22,1.785
2011-08-23,1.771
2011-08-24,1.782
2011-08-25,1.755
2011-08-26,1.751
2011-08-29,1.731
2011-08-30,1.732
2011-08-31,1.716
2011-09-01,1.723
2011-09-02,1.753
2011-09-05,1.772
2011-09-06,1.761
2011-09-07,1.758
2011-09-08,1.768
2011-09-09,1.791
2011-09-12,1.789
2011-09-13,1.766
2011-09-14,1.777
2011-09-15,1.781
2011-09-16,1.776
2011-09-19,1.813
2011-09-20,1.788
2011-09-21,1.825
2011-09-22,1.845
2011-09-23,1.836
2011-09-26,1.852
2011-09-27,1.848
2011-09-28,1.865
2011-09-29,1.855
2011-09-30,1.86
2011-10-03,1.891
2011-10-04,1.889
2011-10-05,1.869
2011-10-06,1.845
2011-10-07,1.849
2011-10-10,1.83
2011-10-11,1.841
2011-10-12,1.82
2011-10-13,1.838
2011-10-14,1.833
2011-10-17,1.867
2011-10-18,1.859
2011-10-19,1.868
2011-10-20,1.858
2011-10-21,1.833
2011-10-24,1.803
2011-10-25,1.78
2011-10-26,1.759
2011-10-27,1.747
2011-10-28,1.745
2011-10-31,1.77
2011-11-01,1.794
2011-11-02,1.783
2011-11-03,1.753
2011-11-04,1.768
2011-11-07,1.777
2011-11-08,1.771
2011-11-09,1.802
2011-11-10,1.792
2011-11-11,1.777
2011-11-14,1.785
2011-11-15,1.801
2011-11-16,1.808
2011-11-17,1.825
2011-11-18,1.83
2011-11-21,1.859
2011-11-22,1.851
2011-11-23,1.873
2011-11-24,1.872
2011-11-25,1.886
2011-11-28,1.86
2011-11-29,1.852
2011-11-30,1.828
2011-12-01,1.828
2011-12-02,1.83
2011-12-05,1.834
2011-12-06,1.835
2011-12-07,1.831
2011-12-08,1.846
2011-12-09,1.842
2011-12-12,1.869
2011-12-13,1.88
2011-12-14,1.886
2011-12-15,1.878
2011-12-16,1.887
2011-12-19,1.904
2011-12-20,1.885
2011-12-21,1.884
2011-12-22,1.891
2011-12-23,1.902
2011-12-26,1.891
2011-12-27,1.898
2011-12-28,1.921
2011-12-29,1.918
2011-12-30,1.891
2012-01-02,1.894
2012-01-03,1.873
2012-01-04,1.88
2012-01-05,1.881
2012-01-06,1.879
2012-01-09,1.869
2012-01-10,1.868
2012-01-11,1.855
2012-01-12,1.853
2012-01-13,1.862
2012-01-16,1.853
2012-01-17,1.842
2012-01-18,1.831
2012-01-19,1.828
2012-01-20,1.83
2012-01-23,1.818
2012-01-24,1.821
2012-01-25,1.806
2012-01-26,1.794
2012-01-27,1.776
2012-01-30,1.787
2012-01-31,1.777
2012-02-01,1.757
2012-02-02,1.757
2012-02-03,1.753
2012-02-06,1.758
2012-02-07,1.748
2012-02-08,1.752
2012-02-09,1.752
2012-02-10,1.762
2012-02-13,1.768
2012-02-14,1.768
2012-02-15,1.764
2012-02-16,1.761
2012-02-17,1.755
2012-02-20,1.744
2012-02-21,1.752
2012-02-22,1.758
2012-02-23,1.764
2012-02-24,1.767
2012-02-27,1.766
2012-02-28,1.751
2012-02-29,1.749
2012-03-01,1.753
2012-03-02,1.768
2012-03-05,1.771
2012-03-06,1.793
2012-03-07,1.781
2012-03-08,1.776
2012-03-09,1.788
2012-03-12,1.794
2012-03-13,1.788
2012-03-14,1.808
2012-03-15,1.796
2012-03-16,1.795
2012-03-19,1.804
2012-03-20,1.823
2012-03-21,1.813
2012-03-22,1.809
2012-03-23,1.801
2012-03-26,1.786
2012-03-27,1.788
2012-03-28,1.782
2012-03-29,1.785
2012-03-30,1.783
2012-04-02,1.777
2012-04-03,1.782
2012-04-04,1.795
2012-04-05,1.792
2012-04-06,1.796
2012-04-09,1.798
2012-04-10,1.815
2012-04-11,1.807
2012-04-12,1.793
2012-04-13,1.797
2012-04-16,1.797
2012-04-17,1.788
2012-04-18,1.789
2012-04-19,1.793
2012-04-20,1.793
2012-04-23,1.796
2012-04-24,1.781
2012-04-25,1.77
2012-04-26,1.766
2012-04-27,1.761
2012-04-30,1.757
2012-05-01,1.755
2012-05-02,1.76
2012-05-03,1.764
2012-05-04,1.76
2012-05-07,1.761
2012-05-08,1.778
2012-05-09,1.795
2012-05-10,1.787
2012-05-11,1.784
2012-05-14,1.811
2012-05-15,1.823
2012-05-16,1.823
2012-05-17,1.829
2012-05-18,1.836
2012-05-21,1.825
2012-05-22,1.845
2012-05-23,1.851
2012-05-24,1.847
2012-05-25,1.849
2012-05-28,1.837
2012-05-29,1.831
2012-05-30,1.856
2012-05-31,1.866
2012-06-01,1.857
2012-06-04,1.853
2012-06-05,1.846
2012-06-06,1.829
2012-06-07,1.827
2012-06-08,1.822
2012-06-11,1.83
2012-06-12,1.825
2012-06-13,1.819
2012-06-14,1.814
2012-06-15,1.813
2012-06-18,1.811
2012-06-19,1.8
2012-06-20,1.794
2012-06-21,1.807
2012-06-22,1.815
2012-06-25,1.822
2012-06-26,1.808
2012-06-27,1.814
2012-06-28,1.828
2012-06-29,1.81
2012-07-02,1.806
2012-07-03,1.797
2012-07-04,1.806
2012-07-05,1.809
2012-07-06,1.819
2012-07-09,1.822
2012-07-10,1.818
2012-07-11,1.81
2012-07-12,1.82
2012-07-13,1.811
2012-07-16,1.809
2012-07-17,1.805
2012-07-18,1.802
2012-07-19,1.802
2012-07-20,1.808
2012-07-23,1.82
2012-07-24,1.828
2012-07-25,1.822
2012-07-26,1.812
2012-07-27,1.812
2012-07-30,1.801
2012-07-31,1.795
2012-08-01,1.809
2012-08-02,1.801
2012-08-03,1.779
2012-08-06,1.777
2012-08-07,1.786
2012-08-08,1.781
2012-08-09,1.783
2012-08-10,1.782
2012-08-13,1.795
2012-08-14,1.804
2012-08-15,1.798
2012-08-16,1.794
2012-08-17,1.801
2012-08-20,1.803
2012-08-21,1.795
2012-08-22,1.795
2012-08-23,1.794
2012-08-24,1.799
2012-08-27,1.8
2012-08-28,1.811
2012-08-29,1.822
2012-08-30,1.827
2012-08-31,1.819
2012-09-03,1.819
2012-09-04,1.822
2012-09-05,1.819
2012-09-06,1.809
2012-09-07,1.797
2012-09-10,1.803
2012-09-11,1.805
2012-09-12,1.808
2012-09-13,1.8
2012-09-14,1.797
2012-09-17,1.798
2012-09-18,1.797
2012-09-19,1.794
2012-09-20,1.798
2012-09-21,1.795
2012-09-24,1.798
2012-09-25,1.792
2012-09-26,1.792
2012-09-27,1.788
2012-09-28,1.796
2012-10-01,1.792
2012-10-02,1.792
2012-10-03,1.805
2012-10-04,1.798
2012-10-05,1.805
2012-10-08,1.811
2012-10-09,1.824
2012-10-10,1.818
2012-10-11,1.808
2012-10-12,1.807
2012-10-15,1.812
2012-10-16,1.804
2012-10-17,1.799
2012-10-18,1.797
2012-10-19,1.795
2012-10-22,1.796
2012-10-23,1.802
2012-10-24,1.804
2012-10-25,1.801
2012-10-26,1.801
2012-10-29,1.804
2012-10-30,1.797
2012-10-31,1.794
2012-11-01,1.788
2012-11-02,1.793
2012-11-05,1.782
2012-11-06,1.774
2012-11-07,1.786
2012-11-08,1.786
2012-11-09,1.791
2012-11-12,1.801
2012-11-13,1.807
2012-11-14,1.806
2012-11-15,1.801
2012-11-16,1.801
2012-11-19,1.798
2012-11-20,1.794
2012-11-21,1.802
2012-11-22,1.798
2012-11-23,1.794
2012-11-26,1.796
2012-11-27,1.792
2012-11-28,1.792
2012-11-29,1.786
2012-11-30,1.787
2012-12-03,1.787
2012-12-04,1.784
2012-12-05,1.787
2012-12-06,1.789
2012-12-07,1.788
2012-12-10,1.789
2012-12-11,1.783
2012-12-12,1.777
2012-12-13,1.781
2012-12-14,1.779
2012-12-17,1.784
2012-12-18,1.779
2012-12-19,1.784
2012-12-20,1.786
2012-12-21,1.798
2012-12-24,1.797
2012-12-25,1.794
2012-12-26,1.794
2012-12-27,1.789
2012-12-28,1.789
2012-12-31,1.784
2013-01-01,1.784
2013-01-02,1.779
2013-01-03,1.785
2013-01-04,1.782
2013-01-07,1.78
2013-01-08,1.778
2013-01-09,1.775
2013-01-10,1.767
2013-01-11,1.77
2013-01-14,1.769
2013-01-15,1.769
2013-01-16,1.765
2013-01-17,1.752
2013-01-18,1.76
2013-01-21,1.764
2013-01-22,1.769
2013-01-23,1.772
2013-01-24,1.769
2013-01-25,1.768
2013-01-28,1.773
2013-01-29,1.769
2013-01-30,1.768
2013-01-31,1.759
2013-02-01,1.747
2013-02-04,1.761
2013-02-05,1.761
2013-02-06,1.77
2013-02-07,1.774
2013-02-08,1.772
2013-02-11,1.776
2013-02-12,1.772
2013-02-13,1.764
2013-02-14,1.768
2013-02-15,1.767
2013-02-18,1.767
2013-02-19,1.777
2013-02-20,1.783
2013-02-21,1.794
2013-02-22,1.802
2013-02-25,1.809
2013-02-26,1.805
2013-02-27,1.798
2013-02-28,1.799
2013-03-01,1.797
2013-03-04,1.799
2013-03-05,1.792
2013-03-06,1.798
2013-03-07,1.797
2013-03-08,1.805
2013-03-11,1.799
2013-03-12,1.803
2013-03-13,1.813
2013-03-14,1.81
2013-03-15,1.806
2013-03-18,1.813
2013-03-19,1.825
2013-03-20,1.818
2013-03-21,1.818
2013-03-22,1.815
2013-03-25,1.823
2013-03-26,1.814
2013-03-27,1.814
2013-03-28,1.81
2013-03-29,1.809
2013-04-01,1.805
2013-04-02,1.803
2013-04-03,1.809
2013-04-04,1.803
2013-04-05,1.794
2013-04-08,1.786
2013-04-09,1.784
2013-04-10,1.79
2013-04-11,1.785
2013-04-12,1.788
2013-04-15,1.793
2013-04-16,1.788
2013-04-17,1.8
2013-04-18,1.797
2013-04-19,1.8
2013-04-22,1.804
2013-04-23,1.805
2013-04-24,1.802
2013-04-25,1.799
2013-04-26,1.798
2013-04-29,1.796
2013-04-30,1.793
2013-05-01,1.793
2013-05-02,1.793
2013-05-03,1.794
2013-05-06,1.797
2013-05-07,1.797
2013-05-08,1.79
2013-05-09,1.799
2013-05-10,1.801
2013-05-13,1.812
2013-05-14,1.816
2013-05-15,1.823
2013-05-16,1.824
2013-05-17,1.842
2013-05-20,1.841
2013-05-21,1.843
2013-05-22,1.849
2013-05-23,1.846
2013-05-24,1.847
2013-05-27,1.846
2013-05-28,1.858
2013-05-29,1.861
2013-05-30,1.874
2013-05-31,1.876
2013-06-03,1.883
2013-06-04,1.877
2013-06-05,1.892
2013-06-06,1.893
2013-06-07,1.873
2013-06-10,1.902
2013-06-11,1.892
2013-06-12,1.875
2013-06-13,1.862
2013-06-14,1.859
2013-06-17,1.874
2013-06-18,1.887
2013-06-19,1.902
2013-06-20,1.937
2013-06-21,1.939
2013-06-24,1.944
2013-06-25,1.931
2013-06-26,1.935
2013-06-27,1.92
2013-06-28,1.929
2013-07-01,1.924
2013-07-02,1.933
2013-07-03,1.947
2013-07-04,1.943
2013-07-05,1.968
2013-07-08,1.947
2013-07-09,1.942
2013-07-10,1.95
2013-07-11,1.951
2013-07-12,1.953
2013-07-15,1.934
2013-07-16,1.921
2013-07-17,1.911
2013-07-18,1.921
2013-07-19,1.918
2013-07-22,1.912
2013-07-23,1.9
2013-07-24,1.921
2013-07-25,1.921
2013-07-26,1.926
2013-07-29,1.926
2013-07-30,1.923
2013-07-31,1.935
2013-08-01,1.947
2013-08-02,1.926
2013-08-05,1.93
2013-08-06,1.925
2013-08-07,1.932
2013-08-08,1.923
2013-08-09,1.92
2013-08-12,1.925
2013-08-13,1.934
2013-08-14,1.934
2013-08-15,1.935
2013-08-16,1.945
2013-08-19,1.954
2013-08-20,1.95
2013-08-21,1.979
2013-08-22,1.994
2013-08-23,1.988
2013-08-26,1.998
2013-08-27,2.036
2013-08-28,2.037
2013-08-29,2.036
2013-08-30,2.04
2013-09-02,2.021
2013-09-03,2.058
2013-09-04,2.051
2013-09-05,2.069
2013-09-06,2.047
2013-09-09,2.027
2013-09-10,2.014
2013-09-11,2.012
2013-09-12,2.031
2013-09-13,2.028
2013-09-16,2.005
2013-09-17,2.002
2013-09-18,1.95
2013-09-19,1.961
2013-09-20,1.98
2013-09-23,1.985
2013-09-24,1.999
2013-09-25,2.016
2013-09-26,2.023
2013-09-27,2.031
2013-09-30,2.019
2013-10-01,2.009
2013-10-02,1.994
2013-10-03,2.003
2013-10-04,1.987
2013-10-07,1.994
2013-10-08,1.989
2013-10-09,1.982
2013-10-10,1.975
2013-10-11,1.982
2013-10-14,1.982
2013-10-15,1.988
2013-10-16,1.973
2013-10-17,1.966
2013-10-18,1.969
2013-10-21,1.981
2013-10-22,1.969
2013-10-23,1.976
2013-10-24,1.98
2013-10-25,1.984
2013-10-28,1.984
2013-10-29,1.991
2013-10-30,1.995
2013-10-31,1.996
2013-11-01,2.017
2013-11-04,2.016
2013-11-05,2.03
2013-11-06,2.036
2013-11-07,2.035
2013-11-08,2.039
2013-11-11,2.043
2013-11-12,2.055
2013-11-13,2.044
2013-11-14,2.033
2013-11-15,2.029
2013-11-18,2.022
2013-11-19,2.011
2013-11-20,2.015
2013-11-21,2.017
2013-11-22,2.006
2013-11-25,2.008
2013-11-26,2.014
2013-11-27,2.025
2013-11-28,2.015
2013-11-29,2.02
2013-12-02,2.039
2013-12-03,2.043
2013-12-04,2.049
2013-12-05,2.037
2013-12-06,2.025
2013-12-09,2.032
2013-12-10,2.028
2013-12-11,2.043
2013-12-12,2.043
2013-12-13,2.04
2013-12-16,2.027
2013-12-17,2.036
2013-12-18,2.058
2013-12-19,2.073
2013-12-20,2.092
2013-12-23,2.098
2013-12-24,2.078
2013-12-25,2.096
2013-12-26,2.127
2013-12-27,2.151
2013-12-30,2.123
2013-12-31,2.146
2014-01-01,2.148
2014-01-02,2.171
2014-01-03,2.179
2014-01-06,2.172
2014-01-07,2.168
2014-01-08,2.186
2014-01-09,2.178
2014-01-10,2.165
2014-01-13,2.18
2014-01-14,2.184
2014-01-15,2.191
2014-01-16,2.207
2014-01-17,2.232
2014-01-20,2.24
2014-01-21,2.252
2014-01-22,2.258
2014-01-23,2.293
2014-01-24,2.331
2014-01-27,2.283
2014-01-28,2.252
2014-01-29,2.261
2014-01-30,2.269
2014-01-31,2.261
2014-02-03,2.282
2014-02-04,2.238
2014-02-05,2.239
2014-02-06,2.21
2014-02-07,2.22
2014-02-10,2.218
2014-02-11,2.193
2014-02-12,2.193
2014-02-13,2.186
2014-02-14,2.181
2014-02-17,2.177
2014-02-18,2.18
2014-02-19,2.215
2014-02-20,2.201
2014-02-21,2.179
2014-02-24,2.202
2014-02-25,2.212
2014-02-26,2.228
2014-02-27,2.214
2014-02-28,2.209
2014-03-03,2.232
2014-03-04,2.207
2014-03-05,2.203
2014-03-06,2.18
2014-03-07,2.206
2014-03-10,2.219
2014-03-11,2.247
2014-03-12,2.232
2014-03-13,2.233
2014-03-14,2.213
2014-03-17,2.22
2014-03-18,2.219
2014-03-19,2.24
2014-03-20,2.229
2014-03-21,2.234
2014-03-24,2.237
2014-03-25,2.217
2014-03-26,2.192
2014-03-27,2.187
2014-03-28,2.191
2014-03-31,2.141
2014-04-01,2.138
2014-04-02,2.128
2014-04-03,2.133
2014-04-04,2.114
2014-04-07,2.11
2014-04-08,2.096
2014-04-09,2.104
2014-04-10,2.109
2014-04-11,2.113
2014-04-14,2.121
2014-04-15,2.143
2014-04-16,2.136
2014-04-17,2.127
2014-04-18,2.13
2014-04-21,2.134
2014-04-22,2.142
2014-04-23,2.15
2014-04-24,2.136
2014-04-25,2.134
2014-04-28,2.126
2014-04-29,2.121
2014-04-30,2.113
2014-05-01,2.105
2014-05-02,2.104
2014-05-05,2.1
2014-05-06,2.09
2014-05-07,2.082
2014-05-08,2.074
2014-05-09,2.077
2014-05-12,2.081
2014-05-13,2.068
2014-05-14,2.071
2014-05-15,2.098
2014-05-16,2.1
2014-05-19,2.097
2014-05-20,2.113
2014-05-21,2.094
2014-05-22,2.081
2014-05-23,2.082
2014-05-26,2.083
2014-05-27,2.102
2014-05-28,2.1
2014-05-29,2.087
2014-05-30,2.097
2014-06-02,2.108
2014-06-03,2.117
2014-06-04,2.116
2014-06-05,2.096
2014-06-06,2.078
2014-06-09,2.086
2014-06-10,2.08
2014-06-11,2.117
2014-06-12,2.112
2014-06-13,2.123
2014-06-16,2.142
2014-06-17,2.15
2014-06-18,2.125
2014-06-19,2.143
2014-06-20,2.141
2014-06-23,2.137
2014-06-24,2.142
2014-06-25,2.133
2014-06-26,2.126
2014-06-27,2.123
2014-06-30,2.119
2014-07-01,2.129
2014-07-02,2.13
2014-07-03,2.128
2014-07-04,2.133
2014-07-07,2.129
2014-07-08,2.125
2014-07-09,2.115
2014-07-10,2.124
2014-07-11,2.118
2014-07-14,2.116
2014-07-15,2.124
2014-07-16,2.119
2014-07-17,2.141
2014-07-18,2.125
2014-07-21,2.118
2014-07-22,2.107
2014-07-23,2.089
2014-07-24,2.092
2014-07-25,2.094
2014-07-28,2.099
2014-07-29,2.116
2014-07-30,2.133
2014-07-31,2.142
2014-08-01,2.133
2014-08-04,2.131
2014-08-05,2.153
2014-08-06,2.159
2014-08-07,2.167
2014-08-08,2.145
2014-08-11,2.151
2014-08-12,2.164
2014-08-13,2.157
2014-08-14,2.152
2014-08-15,2.167
2014-08-18,2.164
2014-08-19,2.162
2014-08-20,2.186
2014-08-21,2.178
2014-08-22,2.176
2014-08-25,2.179
2014-08-26,2.166
2014-08-27,2.154
2014-08-28,2.158
2014-08-29,2.164
2014-09-01,2.161
2014-09-02,2.173
2014-09-03,2.158
2014-09-04,2.163
2014-09-05,2.159
2014-09-08,2.174
2014-09-09,2.196
2014-09-10,2.193
2014-09-11,2.201
2014-09-12,2.223
2014-09-15,2.212
2014-09-16,2.203
2014-09-17,2.224
2014-09-18,2.226
2014-09-19,2.235
2014-09-22,2.241
2014-09-23,2.239
2014-09-24,2.237
2014-09-25,2.261
2014-09-26,2.262
2014-09-29,2.279
2014-09-30,2.278
2014-10-01,2.283
2014-10-02,2.267
2014-10-03,2.294
2014-10-06,2.268
2014-10-07,2.275
2014-10-08,2.263
2014-10-09,2.27
2014-10-10,2.288
2014-10-13,2.27
2014-10-14,2.273
2014-10-15,2.269
2014-10-16,2.263
2014-10-17,2.246
2014-10-20,2.244
2014-10-21,2.245
2014-10-22,2.246
2014-10-23,2.236
2014-10-24,2.231
2014-10-27,2.229
2014-10-28,2.207
2014-10-29,2.215
2014-10-30,2.199
2014-10-31,2.224
2014-11-03,2.236
2014-11-04,2.224
2014-11-05,2.244
2014-11-06,2.264
2014-11-07,2.258
2014-11-10,2.259
2014-11-11,2.257
2014-11-12,2.251
2014-11-13,2.242
2014-11-14,2.23
2014-11-17,2.231
2014-11-18,2.221
2014-11-19,2.232
2014-11-20,2.22
2014-11-21,2.222
2014-11-24,2.23
2014-11-25,2.22
2014-11-26,2.211
2014-11-27,2.207
2014-11-28,2.22
2014-12-01,2.215
2014-12-02,2.231
2014-12-03,2.242
2014-12-04,2.234
2014-12-05,2.261
2014-12-08,2.269
2014-12-09,2.267
2014-12-10,2.266
2014-12-11,2.278
2014-12-12,2.299
2014-12-15,2.376
2014-12-16,2.365
2014-12-17,2.338
2014-12-18,2.323
2014-12-19,2.312
2014-12-22,2.315
2014-12-23,2.323
2014-12-24,2.317
2014-12-25,2.321
2014-12-26,2.318
2014-12-29,2.318
2014-12-30,2.329
2014-12-31,2.335
2015-01-01,2.331
2015-01-02,2.344
2015-01-05,2.332
2015-01-06,2.323
2015-01-07,2.319
2015-01-08,2.299
2015-01-09,2.295
2015-01-12,2.285
2015-01-13,2.286
2015-01-14,2.281
2015-01-15,2.31
2015-01-16,2.323
2015-01-19,2.338
2015-01-20,2.346
2015-01-21,2.35
2015-01-22,2.324
2015-01-23,2.348
2015-01-26,2.354
2015-01-27,2.364
2015-01-28,2.386
2015-01-29,2.416
2015-01-30,2.446
2015-02-02,2.431
2015-02-03,2.401
2015-02-04,2.467
2015-02-05,2.438
2015-02-06,2.474
2015-02-09,2.477
2015-02-10,2.496
2015-02-11,2.5
2015-02-12,2.467
2015-02-13,2.458
2015-02-16,2.457
2015-02-17,2.452
2015-02-18,2.442
2015-02-19,2.457
2015-02-20,2.453
2015-02-23,2.475
2015-02-24,2.464
2015-02-25,2.489
2015-02-26,2.504
2015-02-27,2.509
2015-03-02,2.517
2015-03-03,2.536
2015-03-04,2.564
2015-03-05,2.607
2015-03-06,2.624
2015-03-09,2.602
2015-03-10,2.639
2015-03-11,2.611
2015-03-12,2.584
2015-03-13,2.64
2015-03-16,2.626
2015-03-17,2.612
2015-03-18,2.57
2015-03-19,2.607
2015-03-20,2.573
2015-03-23,2.542
2015-03-24,2.552
2015-03-25,2.587
2015-03-26,2.596
2015-03-27,2.61
2015-03-30,2.608
2015-03-31,2.598
2015-04-01,2.599
2015-04-02,2.586
2015-04-03,2.572
2015-04-06,2.571
2015-04-07,2.602
2015-04-08,2.6
2015-04-09,2.62
2015-04-10,2.629
2015-04-13,2.671
2015-04-14,2.688
2015-04-15,2.699
2015-04-16,2.679
2015-04-17,2.678
2015-04-20,2.699
2015-04-21,2.686
2015-04-22,2.712
2015-04-23,2.702
2015-04-24,2.714
2015-04-27,2.674
2015-04-28,2.658
2015-04-29,2.661
2015-04-30,2.672
2015-05-01,2.708
2015-05-04,2.713
2015-05-05,2.705
2015-05-06,2.693
2015-05-07,2.685
2015-05-08,2.695
2015-05-11,2.694
2015-05-12,2.664
2015-05-13,2.631
2015-05-14,2.591
2015-05-15,2.576
2015-05-18,2.581
2015-05-19,2.594
2015-05-20,2.578
2015-05-21,2.589
2015-05-22,2.599
2015-05-25,2.616
2015-05-26,2.642
2015-05-27,2.642
2015-05-28,2.654
2015-05-29,2.663
2015-06-01,2.683
2015-06-02,2.674
2015-06-03,2.686
2015-06-04,2.668
2015-06-05,2.662
2015-06-08,2.752
2015-06-09,2.752
2015-06-10,2.735
2015-06-11,2.702
2015-06-12,2.713
2015-06-15,2.736
2015-06-16,2.735
2015-06-17,2.706
2015-06-18,2.712
2015-06-19,2.695
2015-06-22,2.666
2015-06-23,2.679
2015-06-24,2.678
2015-06-25,2.655
2015-06-26,2.665
2015-06-29,2.703
2015-06-30,2.682
2015-07-01,2.692
2015-07-02,2.684
2015-07-03,2.689
2015-07-06,2.678
2015-07-07,2.685
2015-07-08,2.688
2015-07-09,2.679
2015-07-10,2.667
2015-07-13,2.646
2015-07-14,2.632
2015-07-15,2.646
2015-07-16,2.657
2015-07-17,2.653
2015-07-20,2.698
2015-07-21,2.684
2015-07-22,2.707
2015-07-23,2.734
2015-07-24,2.738
2015-07-27,2.771
2015-07-28,2.76
2015-07-29,2.765
2015-07-30,2.783
2015-07-31,2.771
2015-08-03,2.781
2015-08-04,2.783
2015-08-05,2.787
2015-08-06,2.776
2015-08-07,2.78
2015-08-10,2.779
2015-08-11,2.78
2015-08-12,2.778
2015-08-13,2.82
2015-08-14,2.834
2015-08-17,2.868
2015-08-18,2.895
2015-08-19,2.926
2015-08-20,2.916
2015-08-21,2.919
2015-08-24,2.942
2015-08-25,2.94
2015-08-26,2.932
2015-08-27,2.91
2015-08-28,2.924
2015-08-31,2.915
2015-09-01,2.93
2015-09-02,2.941
2015-09-03,2.971
2015-09-04,3.007
2015-09-07,3.03
2015-09-08,3.011
2015-09-09,3.036
2015-09-10,3.023
2015-09-11,3.047
2015-09-14,3.058
2015-09-15,3.03
2015-09-16,2.998
2015-09-17,3.012
2015-09-18,3.005
2015-09-21,3.006
2015-09-22,3.026
2015-09-23,3.039
2015-09-24,3.04
2015-09-25,3.047
2015-09-28,3.058
2015-09-29,3.037
2015-09-30,3.026
2015-10-01,3.027
2015-10-02,2.991
2015-10-05,2.984
2015-10-06,2.958
2015-10-07,2.94
2015-10-08,2.894
2015-10-09,2.912
2015-10-12,2.926
2015-10-13,2.959
2015-10-14,2.914
2015-10-15,2.88
2015-10-16,2.892
2015-10-19,2.905
2015-10-20,2.9
2015-10-21,2.895
2015-10-22,2.873
2015-10-23,2.908
2015-10-26,2.89
2015-10-27,2.904
2015-10-28,2.925
2015-10-29,2.938
2015-10-30,2.915
2015-11-02,2.824
2015-11-03,2.829
2015-11-04,2.863
2015-11-05,2.861
2015-11-06,2.915
2015-11-09,2.921
2015-11-10,2.916
2015-11-11,2.875
2015-11-12,2.865
2015-11-13,2.864
2015-11-16,2.883
2015-11-17,2.869
2015-11-18,2.862
2015-11-19,2.843
2015-11-20,2.832
2015-11-23,2.851
2015-11-24,2.877
2015-11-25,2.888
2015-11-26,2.921
2015-11-27,2.925
2015-11-30,2.913
2015-12-01,2.891
2015-12-02,2.889
2015-12-03,2.885
2015-12-04,2.895
2015-12-07,2.914
2015-12-08,2.91
2015-12-09,2.917
2015-12-10,2.924
2015-12-11,2.982
2015-12-14,2.98
2015-12-15,2.964
2015-12-16,2.935
2015-12-17,2.929
2015-12-18,2.909
2015-12-21,2.915
2015-12-22,2.931
2015-12-23,2.917
2015-12-24,2.919
2015-12-25,2.923
2015-12-28,2.906
2015-12-29,2.906
2015-12-30,2.919
2015-12-31,2.918
2016-01-01,2.914
2016-01-04,2.964
2016-01-05,2.985
2016-01-06,3.002
2016-01-07,2.999
2016-01-08,3.021
2016-01-11,3.038
2016-01-12,3.033
2016-01-13,3.029
2016-01-14,3.024
2016-01-15,3.048
2016-01-18,3.037
2016-01-19,3.04
2016-01-20,3.042
2016-01-21,3.013
2016-01-22,3.004
2016-01-25,3.021
2016-01-26,3.009
2016-01-27,3.001
2016-01-28,2.969
2016-01-29,2.955
2016-02-01,2.946
2016-02-02,2.952
2016-02-03,2.916
2016-02-04,2.912
2016-02-05,2.923
2016-02-08,2.947
2016-02-09,2.941
2016-02-10,2.922
2016-02-11,2.931
2016-02-12,2.93
2016-02-15,2.946
2016-02-16,2.977
2016-02-17,2.956
2016-02-18,2.971
2016-02-19,2.952
2016-02-22,2.937
2016-02-23,2.944
2016-02-24,2.936
2016-02-25,2.928
2016-02-26,2.993
2016-02-29,2.965
2016-03-01,2.936
2016-03-02,2.925
2016-03-03,2.909
2016-03-04,2.908
2016-03-07,2.916
2016-03-08,2.914
2016-03-09,2.891
2016-03-10,2.892
2016-03-11,2.867
2016-03-14,2.87
2016-03-15,2.899
2016-03-16,2.868
2016-03-17,2.842
2016-03-18,2.868
2016-03-21,2.859
2016-03-22,2.867
2016-03-23,2.878
2016-03-24,2.872
2016-03-25,2.876
2016-03-28,2.869
2016-03-29,2.838
2016-03-30,2.836
2016-03-31,2.817
2016-04-01,2.822
2016-04-04,2.813
2016-04-05,2.832
2016-04-06,2.841
2016-04-07,2.862
2016-04-08,2.849
2016-04-11,2.833
2016-04-12,2.835
2016-04-13,2.847
2016-04-14,2.85
2016-04-15,2.855
2016-04-18,2.84
2016-04-19,2.831
2016-04-20,2.814
2016-04-21,2.833
2016-04-22,2.849
2016-04-25,2.844
2016-04-26,2.821
2016-04-27,2.819
2016-04-28,2.813
2016-04-29,2.796
2016-05-02,2.805
2016-05-03,2.849
2016-05-04,2.963
2016-05-05,2.924
2016-05-06,2.927
2016-05-09,2.945
2016-05-10,2.952
2016-05-11,2.953
2016-05-12,2.962
2016-05-13,2.97
2016-05-16,2.977
2016-05-17,2.964
2016-05-18,2.99
2016-05-19,2.987
2016-05-20,2.976
2016-05-23,2.995
2016-05-24,2.945
2016-05-25,2.937
2016-05-26,2.935
2016-05-27,2.958
2016-05-30,2.956
2016-05-31,2.95
2016-06-01,2.942
2016-06-02,2.949
2016-06-03,2.903
2016-06-06,2.904
2016-06-07,2.897
2016-06-08,2.893
2016-06-09,2.892
2016-06-10,2.929
2016-06-13,2.92
2016-06-14,2.935
2016-06-15,2.925
2016-06-16,2.931
2016-06-17,2.927
2016-06-20,2.906
2016-06-21,2.91
2016-06-22,2.894
2016-06-23,2.855
2016-06-24,2.929
2016-06-27,2.941
2016-06-28,2.904
2016-06-29,2.889
2016-06-30,2.878
2016-07-01,2.902
2016-07-04,2.907
2016-07-05,2.929
2016-07-06,2.937
2016-07-07,2.937
2016-07-08,2.891
2016-07-11,2.905
2016-07-12,2.887
2016-07-13,2.9
2016-07-14,2.878
2016-07-15,3.02
2016-07-18,2.978
2016-07-19,3.045
2016-07-20,3.09
2016-07-21,3.071
2016-07-22,3.065
2016-07-25,3.037
2016-07-26,3.045
2016-07-27,3.019
2016-07-28,3.013
2016-07-29,2.988
2016-08-01,2.99
2016-08-02,2.992
2016-08-03,3.014
2016-08-04,3.011
2016-08-05,2.999
2016-08-08,2.985
2016-08-09,2.968
2016-08-10,2.958
2016-08-11,2.957
2016-08-12,2.959
2016-08-15,2.941
2016-08-16,2.93
2016-08-17,2.922
2016-08-18,2.927
2016-08-19,2.929
2016-08-22,2.942
2016-08-23,2.951
2016-08-24,2.952
2016-08-25,2.934
2016-08-26,2.954
2016-08-29,2.951
2016-08-30,2.963
2016-08-31,2.958
2016-09-01,2.961
2016-09-02,2.951
2016-09-05,2.946
2016-09-06,2.922
2016-09-07,2.936
2016-09-08,2.951
2016-09-09,2.963
2016-09-12,2.968
2016-09-13,2.985
2016-09-14,2.979
2016-09-15,2.969
2016-09-16,2.981
2016-09-19,2.977
2016-09-20,2.978
2016-09-21,2.955
2016-09-22,2.944
2016-09-23,2.967
2016-09-26,2.981
2016-09-27,2.975
2016-09-28,2.98
2016-09-29,3
2016-09-30,2.999
2016-10-03,3.019
2016-10-04,3.058
2016-10-05,3.052
2016-10-06,3.04
2016-10-07,3.051
2016-10-10,3.072
2016-10-11,3.084
2016-10-12,3.085
2016-10-13,3.086
2016-10-14,3.091
2016-10-17,3.096
2016-10-18,3.095
2016-10-19,3.062
2016-10-20,3.06
2016-10-21,3.081
2016-10-24,3.076
2016-10-25,3.071
2016-10-26,3.081
2016-10-27,3.114
2016-10-28,3.107
2016-10-31,3.094
2016-11-01,3.112
2016-11-02,3.114
2016-11-03,3.11
2016-11-04,3.157
2016-11-07,3.168
2016-11-08,3.155
2016-11-09,3.21
2016-11-10,3.251
2016-11-11,3.252
2016-11-14,3.29
2016-11-15,3.291
2016-11-16,3.323
2016-11-17,3.371
2016-11-18,3.375
2016-11-21,3.362
2016-11-22,3.384
2016-11-23,3.394
2016-11-24,3.446
2016-11-25,3.447
2016-11-28,3.415
2016-11-29,3.409
2016-11-30,3.437
2016-12-01,3.504
2016-12-02,3.519
2016-12-05,3.523
2016-12-06,3.446
2016-12-07,3.39
2016-12-08,3.443
2016-12-09,3.487
2016-12-12,3.469
2016-12-13,3.49
2016-12-14,3.532
2016-12-15,3.512
2016-12-16,3.507
2016-12-19,3.533
2016-12-20,3.528
2016-12-21,3.509
2016-12-22,3.511
2016-12-23,3.517
2016-12-26,3.512
2016-12-27,3.521
2016-12-28,3.54
2016-12-29,3.523
2016-12-30,3.528
2017-01-02,3.545
2017-01-03,3.594
2017-01-04,3.571
2017-01-05,3.593
2017-01-06,3.645
2017-01-09,3.713
2017-01-10,3.789
2017-01-11,3.865
2017-01-12,3.76
2017-01-13,3.723
2017-01-16,3.804
2017-01-17,3.761
2017-01-18,3.797
2017-01-19,3.827
2017-01-20,3.766
2017-01-23,3.757
2017-01-24,3.783
2017-01-25,3.831
2017-01-26,3.844
2017-01-27,3.878
2017-01-30,3.782
2017-01-31,3.773
2017-02-01,3.771
2017-02-02,3.737
2017-02-03,3.698
2017-02-06,3.684
2017-02-07,3.745
2017-02-08,3.718
2017-02-09,3.683
2017-02-10,3.695
2017-02-13,3.672
2017-02-14,3.65
2017-02-15,3.66
2017-02-16,3.667
2017-02-17,3.629
2017-02-20,3.625
2017-02-21,3.62
2017-02-22,3.58
2017-02-23,3.569
2017-02-24,3.607
2017-02-27,3.607
2017-02-28,3.647
2017-03-01,3.654
2017-03-02,3.728
2017-03-03,3.703
2017-03-06,3.713
2017-03-07,3.681
2017-03-08,3.747
2017-03-09,3.775
2017-03-10,3.73
2017-03-13,3.742
2017-03-14,3.743
2017-03-15,3.675
2017-03-16,3.626
2017-03-17,3.634
2017-03-20,3.616
2017-03-21,3.633
2017-03-22,3.618
2017-03-23,3.635
2017-03-24,3.611
2017-03-27,3.617
2017-03-28,3.658
2017-03-29,3.646
2017-03-30,3.652
2017-03-31,3.635
2017-04-03,3.645
2017-04-04,3.679
2017-04-05,3.699
2017-04-06,3.711
2017-04-07,3.73
2017-04-10,3.729
2017-04-11,3.697
2017-04-12,3.649
2017-04-13,3.663
2017-04-14,3.733
2017-04-17,3.701
2017-04-18,3.661
2017-04-19,3.673
2017-04-20,3.642
2017-04-21,3.64
2017-04-24,3.573
2017-04-25,3.58
2017-04-26,3.578
2017-04-27,3.561
2017-04-28,3.552
2017-05-01,3.555
2017-05-02,3.527
2017-05-03,3.535
2017-05-04,3.554
2017-05-05,3.544
2017-05-08,3.585
2017-05-09,3.624
2017-05-10,3.587
2017-05-11,3.576
2017-05-12,3.573
2017-05-15,3.548
2017-05-16,3.539
2017-05-17,3.568
2017-05-18,3.625
2017-05-19,3.575
2017-05-22,3.559
2017-05-23,3.57
2017-05-24,3.56
2017-05-25,3.567
2017-05-26,3.578
2017-05-29,3.577
2017-05-30,3.549
2017-05-31,3.527
2017-06-01,3.525
2017-06-02,3.51
2017-06-05,3.524
2017-06-06,3.515
2017-06-07,3.55
2017-06-08,3.524
2017-06-09,3.537
2017-06-12,3.516
2017-06-13,3.52
2017-06-14,3.488
2017-06-15,3.513
2017-06-16,3.503
2017-06-19,3.523
2017-06-20,3.544
2017-06-21,3.531
2017-06-22,3.508
2017-06-23,3.509
2017-06-26,3.501
2017-06-27,3.526
2017-06-28,3.513
2017-06-29,3.527
2017-06-30,3.521
2017-07-03,3.557
2017-07-04,3.559
2017-07-05,3.606
2017-07-06,3.621
2017-07-07,3.618
2017-07-10,3.608
2017-07-11,3.614
2017-07-12,3.567
2017-07-13,3.566
2017-07-14,3.538
2017-07-17,3.528
2017-07-18,3.523
2017-07-19,3.522
2017-07-20,3.526
2017-07-21,3.536
2017-07-24,3.557
2017-07-25,3.572
2017-07-26,3.539
2017-07-27,3.536
2017-07-28,3.528
2017-07-31,3.519
2017-08-01,3.527
2017-08-02,3.531
2017-08-03,3.54
2017-08-04,3.528
2017-08-07,3.529
2017-08-08,3.534
2017-08-09,3.538
2017-08-10,3.542
2017-08-11,3.537
2017-08-14,3.526
2017-08-15,3.535
2017-08-16,3.516
2017-08-17,3.525
2017-08-18,3.519
2017-08-21,3.497
2017-08-22,3.494
2017-08-23,3.479
2017-08-24,3.484
2017-08-25,3.439
2017-08-28,3.444
2017-08-29,3.447
2017-08-30,3.452
2017-08-31,3.453
2017-09-01,3.428
2017-09-04,3.435
2017-09-05,3.438
2017-09-06,3.426
2017-09-07,3.405
2017-09-08,3.412
2017-09-11,3.406
2017-09-12,3.433
2017-09-13,3.458
2017-09-14,3.433
2017-09-15,3.438
2017-09-18,3.49
2017-09-19,3.489
2017-09-20,3.503
2017-09-21,3.502
2017-09-22,3.496
2017-09-25,3.549
2017-09-26,3.542
2017-09-27,3.577
2017-09-28,3.56
2017-09-29,3.564
2017-10-02,3.564
2017-10-03,3.572
2017-10-04,3.572
2017-10-05,3.584
2017-10-06,3.615
2017-10-09,3.701
2017-10-10,3.711
2017-10-11,3.648
2017-10-12,3.654
2017-10-13,3.635
2017-10-16,3.646
2017-10-17,3.666
2017-10-18,3.677
2017-10-19,3.646
2017-10-20,3.671
2017-10-23,3.716
2017-10-24,3.741
2017-10-25,3.767
2017-10-26,3.82
2017-10-27,3.789
2017-10-30,3.78
2017-10-31,3.792
2017-11-01,3.813
2017-11-02,3.798
2017-11-03,3.886
2017-11-06,3.828
2017-11-07,3.884
2017-11-08,3.867
2017-11-09,3.865
2017-11-10,3.864
2017-11-13,3.871
2017-11-14,3.886
2017-11-15,3.881
2017-11-16,3.863
2017-11-17,3.877
2017-11-20,3.929
2017-11-21,3.957
2017-11-22,3.918
2017-11-23,3.92
2017-11-24,3.944
2017-11-27,3.906
2017-11-28,3.965
2017-11-29,3.961
2017-11-30,3.919
2017-12-01,3.913
2017-12-04,3.874
2017-12-05,3.844
2017-12-06,3.851
2017-12-07,3.863
2017-12-08,3.839
2017-12-11,3.837
2017-12-12,3.848
2017-12-13,3.812
2017-12-14,3.887
2017-12-15,3.862
2017-12-18,3.83
2017-12-19,3.834
2017-12-20,3.82
2017-12-21,3.818
2017-12-22,3.816
2017-12-25,3.807
2017-12-26,3.812
2017-12-27,3.816
2017-12-28,3.775
2017-12-29,3.79
2018-01-01,3.788
2018-01-02,3.767
2018-01-03,3.781
2018-01-04,3.748
2018-01-05,3.737
2018-01-08,3.744
2018-01-09,3.768
2018-01-10,3.799
2018-01-11,3.774
2018-01-12,3.748
2018-01-15,3.801
2018-01-16,3.798
2018-01-17,3.818
2018-01-18,3.77
2018-01-19,3.807
2018-01-22,3.775
2018-01-23,3.767
2018-01-24,3.738
2018-01-25,3.753
2018-01-26,3.755
2018-01-29,3.793
2018-01-30,3.781
2018-01-31,3.756
2018-02-01,3.732
2018-02-02,3.773
2018-02-05,3.79
2018-02-06,3.77
2018-02-07,3.805
2018-02-08,3.822
2018-02-09,3.823
2018-02-12,3.8
2018-02-13,3.811
2018-02-14,3.782
2018-02-15,3.764
2018-02-16,3.747
2018-02-19,3.757
2018-02-20,3.798
2018-02-21,3.789
2018-02-22,3.784
2018-02-23,3.791
2018-02-26,3.786
2018-02-27,3.816
2018-02-28,3.799
2018-03-01,3.806
2018-03-02,3.807
2018-03-05,3.808
2018-03-06,3.794
2018-03-07,3.803
2018-03-08,3.824
2018-03-09,3.811
2018-03-12,3.844
2018-03-13,3.873
2018-03-14,3.88
2018-03-15,3.896
2018-03-16,3.92
2018-03-19,3.936
2018-03-20,3.934
2018-03-21,3.909
2018-03-22,3.934
2018-03-23,3.982
2018-03-26,3.966
2018-03-27,3.982
2018-03-28,4.01
2018-03-29,3.942
2018-03-30,3.955
2018-04-02,3.974
2018-04-03,3.989
2018-04-04,3.999
2018-04-05,4.052
2018-04-06,4.045
2018-04-09,4.074
2018-04-10,4.112
2018-04-11,4.136
2018-04-12,4.11
2018-04-13,4.097
2018-04-16,4.096
2018-04-17,4.098
2018-04-18,4.009
2018-04-19,4.04
2018-04-20,4.077
2018-04-23,4.108
2018-04-24,4.086
2018-04-25,4.081
2018-04-26,4.066
2018-04-27,4.042
2018-04-30,4.062
2018-05-01,4.103
2018-05-02,4.177
2018-05-03,4.213
2018-05-04,4.226
2018-05-07,4.267
2018-05-08,4.333
2018-05-09,4.288
2018-05-10,4.235
2018-05-11,4.314
2018-05-14,4.367
2018-05-15,4.445
2018-05-16,4.414
2018-05-17,4.461
2018-05-18,4.492
2018-05-21,4.575
2018-05-22,4.669
2018-05-23,4.576
2018-05-24,4.707
2018-05-25,4.708
2018-05-27,4.706
2018-05-28,4.582
2018-05-29,4.549
2018-05-30,4.465
2018-05-31,4.525
2018-06-01,4.651
2018-06-03,4.649
2018-06-04,4.592
2018-06-05,4.599
2018-06-06,4.555
2018-06-07,4.484
2018-06-08,4.474
2018-06-10,4.474
2018-06-11,4.524
2018-06-12,4.598
2018-06-13,4.645
2018-06-14,4.726
2018-06-15,4.73
2018-06-17,4.743
2018-06-18,4.704
2018-06-19,4.74
2018-06-20,4.733
2018-06-21,4.723
2018-06-22,4.677
2018-06-24,4.614
2018-06-25,4.681
2018-06-26,4.616
2018-06-27,4.623
2018-06-28,4.585
2018-06-29,4.587
2018-07-01,4.596
2018-07-02,4.616
2018-07-03,4.671
2018-07-04,4.667
2018-07-05,4.593
2018-07-06,4.57
2018-07-08,4.579
2018-07-09,4.734
2018-07-10,4.708
2018-07-11,4.876
2018-07-12,4.855
2018-07-13,4.855
2018-07-15,4.857
2018-07-16,4.846
2018-07-17,4.807
2018-07-18,4.795
2018-07-19,4.807
2018-07-20,4.793
2018-07-22,4.78
2018-07-23,4.74
2018-07-24,4.886
2018-07-25,4.773
2018-07-26,4.865
2018-07-27,4.853
2018-07-29,4.857
2018-07-30,4.882
2018-07-31,4.914
2018-08-01,4.995
2018-08-02,5.066
2018-08-03,5.082
2018-08-05,5.101
2018-08-06,5.33
2018-08-07,5.244
2018-08-08,5.28
2018-08-09,5.546
2018-08-10,6.428
2018-08-12,6.827
2018-08-13,6.883
2018-08-14,6.354
2018-08-15,5.991
2018-08-16,5.827
2018-08-17,6.014
2018-08-19,6.008
2018-08-20,6.081
2018-08-21,6.076
2018-08-22,6.051
2018-08-23,6.125
2018-08-24,6.007
2018-08-26,5.984
2018-08-27,6.122
2018-08-28,6.273
2018-08-29,6.475
2018-08-30,6.652
2018-08-31,6.538
2018-09-02,6.584
2018-09-03,6.634
2018-09-04,6.671
2018-09-05,6.601
2018-09-06,6.583
2018-09-07,6.397
2018-09-09,6.422
2018-09-10,6.462
2018-09-11,6.43
2018-09-12,6.342
2018-09-13,6.081
2018-09-14,6.17
2018-09-16,6.163
2018-09-17,6.314
2018-09-18,6.385
2018-09-19,6.249
2018-09-20,6.196
2018-09-21,6.294
2018-09-23,6.308
2018-09-24,6.152
2018-09-25,6.162
2018-09-26,6.107
2018-09-27,6.008
2018-09-28,6.056
2018-09-30,6.045
2018-10-01,5.936
2018-10-02,5.985
2018-10-03,6.046
2018-10-04,6.163
2018-10-05,6.133
2018-10-07,6.166
2018-10-08,6.111
2018-10-09,6.101
2018-10-10,6.076
2018-10-11,5.926
2018-10-12,5.872
2018-10-14,5.895
2018-10-15,5.787
2018-10-16,5.686
2018-10-17,5.584
2018-10-18,5.643
2018-10-19,5.643
2018-10-21,5.652
2018-10-22,5.669
2018-10-23,5.737
2018-10-24,5.702
2018-10-25,5.635
2018-10-26,5.593
2018-10-28,5.591
2018-10-29,5.561
2018-10-30,5.475
2018-10-31,5.584
2018-11-01,5.512
2018-11-02,5.43
2018-11-04,5.432
2018-11-05,5.313
2018-11-06,5.356
2018-11-07,5.361
2018-11-08,5.458
2018-11-09,5.461
2018-11-11,5.462
2018-11-12,5.469
2018-11-13,5.478
2018-11-14,5.462
2018-11-15,5.348
2018-11-16,5.332
2018-11-18,5.34
2018-11-19,5.308
2018-11-20,5.378
2018-11-21,5.308
2018-11-22,5.296
2018-11-23,5.288
2018-11-25,5.298
2018-11-26,5.248
2018-11-27,5.272
2018-11-28,5.222
2018-11-29,5.163
2018-11-30,5.213
2018-12-02,5.194
2018-12-03,5.25
2018-12-04,5.388
2018-12-05,5.326
2018-12-06,5.339
2018-12-07,5.303
2018-12-09,5.324
2018-12-10,5.325
2018-12-11,5.365
2018-12-12,5.348
2018-12-13,5.339
2018-12-14,5.364
2018-12-16,5.373
2018-12-17,5.369
2018-12-18,5.345
2018-12-19,5.286
2018-12-20,5.265
2018-12-21,5.318
2018-12-23,5.317
2018-12-24,5.289
2018-12-25,5.31
2018-12-26,5.277
2018-12-27,5.285
2018-12-28,5.273
2018-12-30,5.282
2018-12-31,5.289
2019-01-01,5.293
2019-01-02,5.4
2019-01-03,5.466
2019-01-04,5.331
2019-01-06,5.329
2019-01-07,5.385
2019-01-08,5.481
2019-01-09,5.477
2019-01-10,5.417
2019-01-11,5.455
2019-01-13,5.482
2019-01-14,5.445
2019-01-15,5.447
2019-01-16,5.336
2019-01-17,5.348
2019-01-18,5.328
2019-01-20,5.329
2019-01-21,5.325
2019-01-22,5.344
2019-01-23,5.286
2019-01-24,5.265
2019-01-25,5.269
2019-01-27,5.27
2019-01-28,5.328
2019-01-29,5.31
2019-01-30,5.225
2019-01-31,5.165
2019-02-01,5.208
2019-02-03,5.217
2019-02-04,5.218
2019-02-05,5.199
2019-02-06,5.217
2019-02-07,5.267
2019-02-08,5.247
2019-02-10,5.252
2019-02-11,5.278
2019-02-12,5.252
2019-02-13,5.285
2019-02-14,5.273
2019-02-15,5.271
2019-02-17,5.285
2019-02-18,5.308
2019-02-19,5.283
2019-02-20,5.324
2019-02-21,5.321
2019-02-22,5.319
2019-02-24,5.32
2019-02-25,5.303
2019-02-26,5.307
2019-02-27,5.314
2019-02-28,5.337
2019-03-01,5.374
2019-03-03,5.373
2019-03-04,5.377
2019-03-05,5.387
2019-03-06,5.429
2019-03-07,5.471
2019-03-08,5.43
2019-03-10,5.434
2019-03-11,5.446
2019-03-12,5.457
2019-03-13,5.456
2019-03-14,5.467
2019-03-15,5.447
2019-03-17,5.449
2019-03-18,5.468
2019-03-19,5.476
2019-03-20,5.421
2019-03-21,5.465
2019-03-22,5.763
2019-03-24,5.693
2019-03-25,5.55
2019-03-26,5.328
2019-03-27,5.328
2019-03-28,5.561
2019-03-29,5.556
2019-03-31,5.592
2019-04-01,5.486
2019-04-02,5.605
2019-04-03,5.626
2019-04-04,5.593
2019-04-05,5.626
2019-04-07,5.639
2019-04-08,5.69
2019-04-09,5.694
2019-04-10,5.682
2019-04-11,5.739
2019-04-12,5.769
2019-04-14,5.786
2019-04-15,5.804
2019-04-16,5.77
2019-04-17,5.739
2019-04-18,5.802
2019-04-19,5.811
2019-04-21,5.826
2019-04-22,5.827
2019-04-23,5.829
2019-04-24,5.875
2019-04-25,5.927
2019-04-26,5.938
2019-04-28,5.946
2019-04-29,5.948
2019-04-30,5.966
2019-05-01,5.967
2019-05-02,5.965
2019-05-03,5.965
2019-05-05,5.985
2019-05-06,6.08
2019-05-07,6.151
2019-05-08,6.186
2019-05-09,6.193
2019-05-10,5.985
2019-05-12,5.994
2019-05-13,6.059
2019-05-14,6.031
2019-05-15,6.001
2019-05-16,6.046
2019-05-17,6.055
2019-05-19,6.062
2019-05-20,6.027
2019-05-21,6.053
2019-05-22,6.1
2019-05-23,6.096
2019-05-24,6.083
2019-05-26,6.079
2019-05-27,6.063
2019-05-28,6.032
2019-05-29,6.012
2019-05-30,5.877
2019-05-31,5.838
2019-06-02,5.859
2019-06-03,5.834
2019-06-04,5.782
2019-06-05,5.731
2019-06-06,5.78
2019-06-07,5.831
2019-06-09,5.843
2019-06-10,5.775
2019-06-11,5.798
2019-06-12,5.808
2019-06-13,5.868
2019-06-14,5.902
2019-06-16,5.917
2019-06-17,5.873
2019-06-18,5.828
2019-06-19,5.791
2019-06-20,5.764
2019-06-21,5.821
2019-06-23,5.764
2019-06-24,5.809
2019-06-25,5.796
